{"max": [3.34559, 3.04416, 3.25559], "centroid": [0.339999946142649, 2.134890082969443, 0.25426604803493474], "id": "6930c4d2e7e880b2e20e92c5b8147e4a", "numVertices": 1374, "min": [-2.66559, 0.05657, -2.75559]}
